{"count":1,"self":767.64139519999992,"total":4775.3228137999995,"children":{"InitializeActuators":{"count":18,"self":0.0010094,"total":0.0010094,"children":null},"InitializeSensors":{"count":18,"self":0.0025058999999999997,"total":0.0025058999999999997,"children":null},"AgentSendState":{"count":833617,"self":374.4987648,"total":413.1048821,"children":{"CollectObservations":{"count":3001032,"self":4.6256144,"total":4.6256146,"children":null},"WriteActionMask":{"count":3001032,"self":1.2745940999999998,"total":1.2745940999999998,"children":null},"RequestDecision":{"count":3001032,"self":5.0153264,"total":32.7059103,"children":{"AgentInfo.ToProto":{"count":3001032,"self":4.266204,"total":27.6905838,"children":{"GenerateSensorData":{"count":3001032,"self":16.641768,"total":23.42438,"children":{"RayPerceptionSensor.Perceive":{"count":3001032,"self":6.7826128,"total":6.7826127,"children":null}}}}}}}}},"DecideAction":{"count":833617,"self":3561.4470143999997,"total":3561.4468512999997,"children":null},"AgentAct":{"count":833617,"self":32.5036704,"total":32.5269165,"children":{"AgentInfo.ToProto":{"count":1624,"self":0.0040704,"total":0.023245,"children":{"GenerateSensorData":{"count":1624,"self":0.016602,"total":0.0191746,"children":{"RayPerceptionSensor.Perceive":{"count":1624,"self":0.0025726,"total":0.0025726,"children":null}}}}}}},"AgentInfo.ToProto":{"count":32158,"self":0.1476111,"total":0.5992427,"children":{"GenerateSensorData":{"count":32158,"self":0.35359219999999997,"total":0.45163159999999997,"children":{"RayPerceptionSensor.Perceive":{"count":32158,"self":0.0980394,"total":0.0980394,"children":null}}}}}},"gauges":{"BatBrain.CumulativeReward":{"count":33782,"max":5.92119026,"min":-357.9078,"runningAverage":0.397010773,"value":1.12899971,"weightedAverage":1.76823223}},"metadata":{"timer_format_version":"0.1.0","start_time_seconds":"1770405111","unity_version":"6000.3.4f1","command_line_arguments":"C:\\Program Files\\Unity 6000.3.4f1\\Editor\\Unity.exe -projectpath C:\\Users\\fidge\\Unity-games\\ChronoQuest1 -acceptSoftwareTermsForThisRunOnly -force-d3d11 -useHub -hubIPC -cloudEnvironment production","communication_protocol_version":"1.5.0","com.unity.ml-agents_version":"4.0.1","scene_name":"BatPlayground","end_time_seconds":"1770409887"}}