{"count":1,"self":119.12469759999999,"total":1648.3012896,"children":{"InitializeActuators":{"count":18,"self":0.0015283999999999999,"total":0.0015283999999999999,"children":null},"InitializeSensors":{"count":18,"self":0.0035564999999999998,"total":0.0035564999999999998,"children":null},"AgentSendState":{"count":190301,"self":274.9804544,"total":285.7346186,"children":{"CollectObservations":{"count":685098,"self":1.0199546,"total":1.0199546,"children":null},"WriteActionMask":{"count":685098,"self":0.33116239999999997,"total":0.33116239999999997,"children":null},"RequestDecision":{"count":685098,"self":1.304878,"total":9.4030513999999989,"children":{"AgentInfo.ToProto":{"count":685098,"self":1.0340852,"total":8.0981734,"children":{"GenerateSensorData":{"count":685098,"self":5.1383808,"total":7.0640882,"children":{"RayPerceptionSensor.Perceive":{"count":685098,"self":1.9257076,"total":1.9257075,"children":null}}}}}}}}},"DecideAction":{"count":190301,"self":1236.281344,"total":1236.2813386,"children":null},"AgentAct":{"count":190301,"self":6.4570203999999993,"total":6.4580500999999995,"children":{"AgentInfo.ToProto":{"count":58,"self":0,"total":0.0010298,"children":{"GenerateSensorData":{"count":58,"self":0.0005241,"total":0.0010298,"children":{"RayPerceptionSensor.Perceive":{"count":58,"self":0.0005057,"total":0.0005057,"children":null}}}}}}},"AgentInfo.ToProto":{"count":38724,"self":0.1132378,"total":0.69599289999999991,"children":{"GenerateSensorData":{"count":38724,"self":0.463672,"total":0.5827551,"children":{"RayPerceptionSensor.Perceive":{"count":38724,"self":0.1190831,"total":0.1190831,"children":null}}}}}},"gauges":{"BatBrain.CumulativeReward":{"count":38782,"max":3.97736263,"min":-270.4148,"runningAverage":0.219796613,"value":-0.0303858034,"weightedAverage":0.342011839}},"metadata":{"timer_format_version":"0.1.0","start_time_seconds":"1770654969","unity_version":"6000.3.4f1","command_line_arguments":"C:\\Program Files\\Unity 6000.3.4f1\\Editor\\Unity.exe -projectpath C:\\Users\\fidge\\Unity-games\\ChronoQuest1 -acceptSoftwareTermsForThisRunOnly -force-d3d11 -useHub -hubIPC -cloudEnvironment production","communication_protocol_version":"1.5.0","com.unity.ml-agents_version":"4.0.1","scene_name":"BatPlayground","end_time_seconds":"1770656617"}}