{"count":1,"self":39.3692992,"total":39.4662779,"children":{"InitializeActuators":{"count":2,"self":0.0015111999999999999,"total":0.0015111999999999999,"children":null},"InitializeSensors":{"count":2,"self":0.0009969,"total":0.0009969,"children":null},"AgentSendState":{"count":1129,"self":0.0114559,"total":0.023940299999999998,"children":{"CollectObservations":{"count":452,"self":0.0051367999999999995,"total":0.0051367999999999995,"children":null},"WriteActionMask":{"count":452,"self":0,"total":0,"children":null},"RequestDecision":{"count":452,"self":0.0073475999999999993,"total":0.0073475999999999993,"children":null}}},"DecideAction":{"count":1129,"self":0.055452299999999996,"total":0.055452299999999996,"children":null},"AgentAct":{"count":1129,"self":0.015078099999999999,"total":0.015078099999999999,"children":null}},"gauges":{},"metadata":{"timer_format_version":"0.1.0","start_time_seconds":"1770148232","unity_version":"6000.3.4f1","command_line_arguments":"C:\\Program Files\\Unity 6000.3.4f1\\Editor\\Unity.exe -projectpath C:\\Users\\fidge\\Unity-games\\ChronoQuest1 -acceptSoftwareTermsForThisRunOnly -force-d3d11 -useHub -hubIPC -cloudEnvironment production","communication_protocol_version":"1.5.0","com.unity.ml-agents_version":"4.0.1","scene_name":"BatPlayground","end_time_seconds":"1770148272"}}